2025-09-12T13:47:31.391634600,127.0.0.1,2222,Hello Honeypot!
2025-09-12T13:51:49.963235300,127.0.0.1,2222,admin
2025-09-12T13:51:50.513583100,127.0.0.1,2222,password123
2025-09-12T13:51:51.031492600,127.0.0.1,2222,test
2025-09-12T13:51:51.547239100,127.0.0.1,2222,root
2025-09-12T13:51:52.058336600,127.0.0.1,2222,honeypot
2025-09-12T13:51:52.570893100,127.0.0.1,2222,123456
2025-09-12T13:51:53.086409300,127.0.0.1,2222,guest
2025-09-12T13:51:53.601285400,127.0.0.1,2222,letmein
2025-09-12T13:51:54.114771500,127.0.0.1,2222,attack1
2025-09-12T13:51:54.628709,127.0.0.1,2222,attack2
